Prompt,Risposta,keywords
"Genera un testo che parli dei seguenti argomenti con una lunghezza superiore a 200 parole:

- Diritti delle minoranze
- Energia sostenibile
- Intelligenza Artificiale
- Biotecnologie


","I diritti delle minoranze, l'energia sostenibile, l'intelligenza artificiale e le biotecnologie sono quattro temi cruciali nel contesto globale odierno, che insieme delineano un futuro più equo e sostenibile per il pianeta. 

I diritti delle minoranze sono fondamentali per garantire una società inclusiva ed egualitaria. In molti paesi, le minoranze etniche, religiose o sessuali affrontano discriminazioni che limitano l'accesso a risorse e opportunità. Promuovere i diritti delle minoranze significa combattere ogni forma di pregiudizio e garantire che tutte le persone abbiano pari possibilità di esprimersi, lavorare e vivere in armonia. Politiche inclusive e legislazioni protettive sono essenziali per affrontare queste disuguaglianze e costruire una società più giusta.

Parallelamente, l'energia sostenibile rappresenta un pilastro fondamentale nella lotta contro il cambiamento climatico. Lo sviluppo di fonti rinnovabili come solare, eolico e idroelettrico è essenziale per ridurre la dipendenza dai combustibili fossili, che sono una delle principali cause dell'inquinamento atmosferico e del riscaldamento globale. L'adozione di tecnologie sostenibili non solo protegge l'ambiente ma crea anche nuove opportunità economiche e lavorative.

L'intelligenza artificiale (AI) è una delle innovazioni tecnologiche più rivoluzionarie del nostro tempo, con potenziali impatti trasformativi su vari settori. L'IA può migliorare l'efficienza dei processi industriali, personalizzare i servizi sanitari e ottimizzare le risorse energetiche. Tuttavia, è fondamentale affrontare le questioni etiche legate all'automazione del lavoro e alla privacy dei dati per garantire che l'IA sia utilizzata in modo responsabile.

Infine, le biotecnologie stanno cambiando il volto della medicina e dell'agricoltura. Grazie ai progressi nella genetica e nell'ingegneria molecolare, è possibile sviluppare nuovi trattamenti per malattie genetiche, migliorare la resistenza delle colture alimentari e ridurre l'impatto ambientale dell'allevamento animale. Le biotecnologie offrono soluzioni innovative per affrontare sfide sanitarie e agricole, ma richiedono un rigoroso quadro normativo per gestire i rischi etici e ambientali.

In sintesi, questi temi interconnessi rappresentano le sfide e le opportunità che ci attendono nel XXI secolo. Affrontare queste questioni con determinazione e visione strategica è essenziale per costruire un futuro più equo, sostenibile e innovativo.","{
    ""keywords"": [
        ""diritti delle minoranze"",
        ""energia sostenibile"",
        ""intelligenza artificiale"",
        ""biotecnologie"",
        ""inclusività"",
        ""discriminazione"",
        ""cambiamento climatico"",
        ""fonti rinnovabili"",
        ""etica AI"",
        ""progressi genetici"",
        ""quadro normativo""
    ]
}"
"Genera un testo che parli dei seguenti argomenti con una lunghezza superiore a 200 parole:

- Gestione del tempo e produttività
- Economia globale
- Diritti delle minoranze


","La gestione efficace del tempo è cruciale per migliorare la produttività, sia nei contesti personali che professionali. In un mondo sempre più veloce e competitivo, la capacità di organizzare le attività quotidiane e prioritizzarle diventa essenziale per raggiungere obiettivi desiderati senza sentirsi sopraffatti. Tecniche come il metodo Pomodoro, che prevede periodi di lavoro intensivi intervallati da brevi pause, o l'uso di strumenti digitali come app di pianificazione e calendari condivisi, possono aiutare a mantenere la concentrazione e a massimizzare l'efficienza. Inoltre, l'eliminazione delle distrazioni e la definizione di obiettivi chiari sono passaggi fondamentali per una gestione del tempo efficace. La produttività, tuttavia, non riguarda solo il fare più cose in meno tempo; implica anche lavorare sulle attività giuste, quelle che portano davvero al raggiungimento dei propri obiettivi e alla crescita personale.

L'economia globale è un sistema complesso di interazioni tra mercati nazionali, multinazionali e istituzioni finanziarie. Influenzata da fattori come la tecnologia avanzata, le politiche governative e i cambiamenti demografici, l’economia mondiale sta attraversando trasformazioni significative. La globalizzazione ha portato a una maggiore interconnessione tra paesi, favorendo scambi commerciali su vasta scala ma anche esponendo le economie nazionali a rischi condivisi come crisi finanziarie e instabilità politica. Le recenti pandemie hanno evidenziato la vulnerabilità di questa rete globale, sottolineando l'importanza di strategie economiche resilienti che possano adattarsi rapidamente ai cambiamenti. Inoltre, le sfide ambientali richiedono un ripensamento delle pratiche economiche per garantire uno sviluppo sostenibile a lungo termine.

I diritti delle minoranze rimangono una questione fondamentale nei dibattiti contemporanei sui diritti umani. In molte parti del mondo, le comunità minoritarie affrontano discriminazioni sistemiche e violazioni dei loro diritti civili, sociali ed economici. La promozione dell'uguaglianza e della giustizia sociale richiede politiche inclusive che garantiscano l’accesso equo alle risorse, all'istruzione e alla partecipazione politica. Le istituzioni globali, come le Nazioni Unite, svolgono un ruolo cruciale nel monitorare e promuovere i diritti delle minoranze attraverso convenzioni internazionali e rapporti periodici. Tuttavia, la realizzazione di questi diritti dipende anche dall'impegno dei governi nazionali e dalla sensibilizzazione della società civile per combattere pregiudizi e promuovere una cultura del rispetto reciproco e dell'inclusione.

In sintesi, gestire il tempo in modo efficace può migliorare la produttività personale e professionale; comprendere le dinamiche dell'economia globale è essenziale per navigare con successo nelle sfide moderne; infine, difendere i diritti delle minoranze è fondamentale per costruire società più giuste ed eguali. Ognuno di questi aspetti interagisce complessivamente nel contesto della nostra vita quotidiana e globale, richiedendo un impegno costante da parte di individui e comunità.","{
    ""keywords"": [
        ""gestione del tempo"",
        ""produttività"",
        ""metodo Pomodoro"",
        ""strumenti digitali"",
        ""distrazioni"",
        ""obiettivi chiari"",
        ""economia globale"",
        ""globalizzazione"",
        ""pandemie"",
        ""rischi condivisi"",
        ""diritti delle minoranze"",
        ""discriminazioni sistemiche""
    ]
}"
"Genera un testo che parli dei seguenti argomenti con una lunghezza superiore a 200 parole:

- Astronomia e Spazio
- Nutrizione e benessere alimentare
- Linguistica e linguaggi


","L'esplorazione dell'universo, l'importanza della nutrizione e il fascino dei linguaggi sono tre ambiti affascinanti che riflettono la curiosità umana e la ricerca di comprensione nel mondo in cui viviamo.

Nell'ambito dell'astronomia e dello spazio, gli esseri umani si sono sempre interrogati sull'esistenza di mondi al di là del nostro pianeta. L'universo è un vasto oceano stellare che comprende miliardi di galassie, tra cui la nostra Via Lattea, costituita da oltre duecentomila miliardi di stelle. La ricerca scientifica ci ha permesso di scoprire e catalogare pianeti extrasolari, alcuni dei quali potrebbero ospitare forme di vita. Le missioni spaziali, come quelle della NASA o dell'Agenzia Spaziale Europea (ESA), continuano a esplorare i confini del cosmo, inviando sonde verso lontani pianeti e satelliti naturali per raccogliere dati cruciali sulla composizione chimica, le condizioni atmosferiche e la potenzialità di vita oltre la Terra.

Parallelamente, il tema della nutrizione e del benessere alimentare è fondamentale per garantire una vita sana e longeva. Un'alimentazione equilibrata, ricca di frutta, verdura, proteine magre e carboidrati complessi, contribuisce a mantenere il corpo in salute e prevenire malattie croniche come obesità, diabete e malattie cardiovascolari. Inoltre, la consapevolezza dell'origine dei cibi e delle pratiche sostenibili nella produzione alimentare è cresciuta negli ultimi anni, portando a una maggiore attenzione verso dietetica vegana o vegetariana e l'adozione di metodi agricoli eco-compatibili.

Infine, la linguistica e lo studio dei linguaggi ci offrono uno spaccato della diversità culturale e cognitiva dell’umanità. La lingua è un sistema complesso che evolve nel tempo, influenzando e riflettendo le società in cui si sviluppa. Ogni idioma possiede una grammatica specifica, un lessico ricco e una fonetica unica che ne definiscono la struttura. La linguistica studia non solo le caratteristiche formali delle lingue ma anche il modo in cui esse vengono utilizzate nelle interazioni sociali. Inoltre, l'evoluzione dei linguaggi digitali e dell'intelligenza artificiale sta aprendo nuove frontiere nell’elaborazione del linguaggio naturale (NLP), consentendo ai computer di comprendere e generare testi in modo sempre più sofisticato.

Questi tre ambiti, seppur diversi tra loro, condividono un obiettivo comune: approfondire la nostra comprensione dell'universo, del nostro corpo e delle nostre interazioni sociali. La ricerca continua a svelare nuovi misteri, spingendoci verso un futuro in cui la conoscenza e il benessere potranno essere condivisi da tutti.","{
   ""keywords"":[
      ""esplorazione dell'universo"",
      ""importanza della nutrizione"",
      ""fascino dei linguaggi"",
      ""astronomia e spazio"",
      ""pianeti extrasolari"",
      ""missioni spaziali"",
      ""NASA"",
      ""Agenzia Spaziale Europea"",
      ""nutrizione"",
      ""alimentazione equilibrata"",
      ""pratiche sostenibili"",
      ""linguistica""
   ]
}"
"Genera un testo che parli dei seguenti argomenti con una lunghezza superiore a 200 parole:

- Filosofia
- Energia sostenibile
- Biotecnologie


","La filosofia, in quanto riflesso critico della condizione umana e del mondo che ci circonda, offre un quadro concettuale essenziale per comprendere le sfide moderne come quelle poste dall'energia sostenibile e dalle biotecnologie. Da antica alleata delle scienze nel cercare la verità, la filosofia oggi si interseca con queste discipline emergenti, ponendo interrogativi etici e morali fondamentali.

L'energia sostenibile rappresenta una risposta imperativa ai problemi ambientali globali. La transizione verso fonti rinnovabili come il solare, l'eolico e la biomassa non è solo una questione tecnologica ma anche filosofica. Richiede un ripensamento della nostra relazione con la natura e del concetto di progresso: cosa significa vivere in armonia con il pianeta? Come possiamo garantire equità intergenerazionale nell'accesso alle risorse naturali? La filosofia ambientale, ad esempio, ci invita a considerare l’antropocentrismo delle nostre azioni e propone un approccio ecocentrico o biocentrico che riconosce il valore intrinseco di ogni forma di vita.

Parallelamente, le biotecnologie stanno rivoluzionando la nostra comprensione della vita stessa. Dalle modifiche genetiche al clonaggio, da terapie innovative alla produzione di bioenergie, queste tecnologie offrono straordinarie possibilità ma sollevano anche preoccupazioni etiche profonde. La filosofia dell'etica biotecnologica esplora questi dilemmi: fino a che punto possiamo intervenire nel codice della vita senza comprometterne l'integrità? Qual è il confine tra miglioramento e alterazione? Come bilanciare i benefici individuali con la sicurezza collettiva?

In sintesi, mentre ci avventuriamo in queste nuove frontiere tecnologiche, la filosofia continua a giocare un ruolo cruciale nel guidarci verso una comprensione più profonda e consapevole del nostro posto nell'universo. Ci spinge a riflettere criticamente sui percorsi che scegliamo di intraprendere e sulle conseguenze delle nostre azioni, garantendo che il progresso tecnologico sia accompagnato da una maturità etica e sociale. In questo modo, l'interazione tra filosofia, energia sostenibile e biotecnologie diventa un dialogo dinamico e in continua evoluzione, essenziale per costruire un futuro equilibrato e responsabile.","{ ""keywords"": [""filosofia"", ""condizione umana"", ""energia sostenibile"", ""biotecnologie"", ""etica"", ""morale"", ""transizione energetica"", ""relazione con la natura"", ""equità intergenerazionale"", ""modifiche genetiche"", ""dilemmi etici""] }"
"Genera un testo che parli dei seguenti argomenti con una lunghezza superiore a 200 parole:

- Intelligenza Artificiale


","L'intelligenza artificiale (IA) è un campo in rapida evoluzione della scienza e della tecnologia, che si concentra sulla creazione di sistemi capaci di eseguire compiti tipicamente richiedenti intelligenza umana. L'obiettivo principale dell'IA è sviluppare algoritmi che possano imparare da esperienze passate e adattarsi a nuove situazioni senza essere esplicitamente programmati per ciascuna specifica attività.

Un aspetto fondamentale dell'IA è l'apprendimento automatico (machine learning), una tecnica che permette ai computer di migliorare le loro prestazioni attraverso la pratica. Utilizzando grandi quantità di dati, i modelli di apprendimento automatico possono identificare pattern e trarre conclusioni senza essere stati esplicitamente addestrati per riconoscere tali schemi. Esistono diversi tipi di apprendimento automatico: l'apprendimento supervisionato, dove il sistema viene addestrato su dati etichettati; l'apprendimento non supervisionato, che trova struttura in dati non etichettati; e l'apprendimento per rinforzo, che impara scegliendo tra diverse azioni per massimizzare una ricompensa.

Un'altra branca importante dell'IA è il deep learning (apprendimento profondo), un sottocampo del machine learning basato su reti neurali artificiali con molte strati. Questo approccio ha rivoluzionato settori come il riconoscimento vocale, la visione artificiale e la traduzione automatica grazie alla sua capacità di gestire compiti estremamente complessi.

L'IA sta trovando applicazione in molteplici aree: dalla sanità, dove può aiutare a diagnosticare malattie con precisione sempre maggiore; al settore finanziario, per prevedere tendenze e migliorare la sicurezza contro le frodi. Anche l'automotive sta sfruttando l'IA per lo sviluppo di veicoli autonomi che promettono una mobilità più sicura ed efficiente.

Nonostante i numerosi benefici, l'intelligenza artificiale solleva anche questioni etiche e sociali significative. Il rischio di bias nei dati può portare a decisioni discriminatorie; la privacy dei dati è un'altra preoccupazione crescente. Inoltre, il potenziale impatto dell'automazione sull'occupazione richiede una riflessione su come affrontare le trasformazioni del mercato del lavoro.

In conclusione, l'intelligenza artificiale rappresenta uno strumento potente con un immenso potenziale di miglioramento della vita quotidiana. Tuttavia, è essenziale che i progressi tecnologici vengano accompagnati da considerazioni etiche e normative adeguate per garantire che l'IA benefichi tutta la società in modo equo ed inclusivo.","{
    ""keywords"": [
        ""Intelligenza Artificiale"",
        ""apprendimento automatico"",
        ""machine learning"",
        ""deep learning"",
        ""reti neurali artificiali"",
        ""riconoscimento vocale"",
        ""visione artificiale"",
        ""traduzione automatica"",
        ""sanità"",
        ""settore finanziario"",
        ""automazione""
    ]
}"
"Genera un testo che parli dei seguenti argomenti con una lunghezza superiore a 200 parole:

- Linguistica e linguaggi
- Intelligenza Artificiale
- Filosofia


","La lingua è il veicolo principale della comunicazione umana, rappresentando un fenomeno complesso che interessa vari ambiti del sapere. La linguistica, come scienza dedicata allo studio delle lingue e dei linguaggi, si propone di analizzare le strutture linguistiche, i processi cognitivi legati alla produzione e comprensione del linguaggio, nonché l'evoluzione storica delle varie lingue. Esistono diverse branche della linguistica, tra cui la fonetica, che studia i suoni; la morfologia, che esplora le strutture delle parole; la sintassi, dedicata alla struttura delle frasi; e la semantica, che indaga il significato. Inoltre, la sociolinguistica considera come vari fattori sociali influenzino l'uso del linguaggio.

Parallelamente, l'intelligenza artificiale (IA) ha rivoluzionato il modo in cui interagiamo con le macchine e comprende lo sviluppo di sistemi che possono eseguire compiti normalmente richiesti all'intelligenza umana. Tra questi compiti rientra anche la capacità di elaborare il linguaggio naturale, un ambito noto come Processamento del Linguaggio Naturale (NLP). Gli algoritmi avanzati consentono agli assistenti virtuali e ai sistemi di chatbot di comprendere e rispondere a domande umane con sempre maggiore precisione. L'IA continua a migliorare, aprendo la strada a nuove possibilità nell'interazione uomo-macchina, dalla traduzione automatica in tempo reale alle analisi sentimentali nei social media.

La filosofia, da parte sua, offre un contesto critico per riflettere sull'IA e sulla linguistica. Domande come ""Cos'è il significato?"" o ""Come possiamo definire la coscienza artificiale?"" richiamano antiche dispute filosofiche riguardanti l'epistemologia (la teoria della conoscenza) e l'ontologia (la teoria dell'essere). La filosofia delle menti, ad esempio, si interroga sui legami tra mente, linguaggio e realtà. In questo contesto, l'emergere di agenti intelligenti solleva questioni etiche e ontologiche: fino a che punto un sistema IA può essere considerato ""intelligente"" o persino ""cosciente""? Queste interrogazioni ci costringono a riconsiderare le nostre concezioni del linguaggio, della mente e dell'intelligenza, dimostrando come la tecnologia moderna continui ad alimentare discussioni filosofiche di grande profondità.

Nel loro insieme, questi tre ambiti — linguistica, intelligenza artificiale e filosofia — si intrecciano in un dialogo continuo che spinge l'umanità a riflettere sulle proprie capacità comunicative, sull'interazione con la tecnologia e sulla comprensione del mondo e di se stessi. Man mano che i confini tra uomo e macchina si assottigliano, diventa sempre più cruciale affrontare queste questioni in modo critico ed etico.","{ ""keywords"": [""lingua"", ""comunicazione umana"", ""linguistica"", ""strutture linguistiche"", ""cognizione"", ""evoluzione linguistica"", ""fonetica"", ""morfolgia"", ""sintassi"", ""semantica"", ""sociolinguistica"", ""intelligenza artificiale"", ""Processamento del Linguaggio Naturale""] }"
"Genera un testo che parli dei seguenti argomenti con una lunghezza superiore a 200 parole:

- Imprenditorialità e startup


","L'imprenditorialità e le startup rappresentano pilastri fondamentali dell'economia moderna, alimentando innovazione, creando posti di lavoro e stimolando la crescita economica. L'imprenditore è spesso visto come un visionario che trasforma idee audaci in realtà tangibili, navigando tra incertezze e rischi per raggiungere il successo.

Le startup, in particolare, sono società giovani e dinamiche che si concentrano su prodotti o servizi innovativi. L'essenza della startup è l'innovazione: spesso nascono con la missione di sconvolgere settori consolidati attraverso tecnologie emergenti o nuove metodologie. La loro agilità le rende capaci di adattarsi rapidamente alle mutevoli esigenze del mercato e alle tendenze tecnologiche, consentendo una crescita esponenziale quando i loro prodotti incontrano il favore dei consumatori.

L'imprenditorialità richiede non solo visione ma anche resilienza. Gli imprenditori devono navigare sfide come la raccolta di capitali, la costruzione di un team vincente e la gestione delle operazioni quotidiane. Il finanziamento è cruciale: spesso le startup si affidano a round di investimenti da parte di venture capitalist o attraverso piattaforme di crowdfunding per ottenere il supporto economico necessario alla crescita.

Un altro aspetto essenziale dell'imprenditorialità è la creazione di una cultura aziendale che valorizzi l'innovazione, la collaborazione e la flessibilità. Le startup più di successo sono quelle capaci di costruire un ambiente in cui il personale si sente motivato a contribuire con idee innovative e dove i fallimenti sono visti come opportunità di apprendimento.

Inoltre, le startup hanno un impatto significativo sull'economia globale. Creano nuovi mercati e spesso introducono tecnologie rivoluzionarie che trasformano il modo in cui viviamo e lavoriamo. Le aziende tech come Uber, Airbnb e Spotify sono esempi di startup che hanno ridefinito industrie intere.

In sintesi, l'imprenditorialità e le startup sono catalizzatori di cambiamento nell'economia globale. Promuovono innovazione, creano opportunità di lavoro e stimolano la crescita economica in modi che le imprese tradizionali spesso non possono. Gli imprenditori moderni devono essere visionari, risolutivi e sempre pronti ad affrontare nuove sfide per trasformare il loro sogno di cambiamento nel mondo reale.","{
    ""keywords"": [
        ""imprenditorialità"",
        ""startup"",
        ""economia moderna"",
        ""innovazione"",
        ""posti di lavoro"",
        ""creatività tecnologica"",
        ""agilità"",
        ""raccolta capitali"",
        ""venture capitalist"",
        ""cultura aziendale"",
        ""impatto globale""
    ]
}"
"Genera un testo che parli dei seguenti argomenti con una lunghezza superiore a 200 parole:

- Intelligenza Artificiale
- Diritti delle minoranze
- Imprenditorialità e startup


","L'Intelligenza Artificiale (IA) sta trasformando radicalmente il panorama tecnologico globale, con impatti che vanno ben oltre le semplici applicazioni software. Questa rivoluzione digitale offre opportunità inaspettate per promuovere i diritti delle minoranze e stimolare l'imprenditorialità e lo sviluppo di startup innovative. L'IA può essere utilizzata come potente strumento per contrastare le discriminazioni sistemiche, analizzando grandi quantità di dati per identificare tendenze discriminatorie nei settori dell'impiego, della salute e del sistema giudiziario, consentendo così interventi mirati e informati. Inoltre, l'integrazione di algoritmi equi può migliorare la rappresentazione delle minoranze in vari ambiti digitali.

Parallelamente, il settore delle startup sta sfruttando le potenzialità dell'IA per creare nuove imprese e modelli economici. Le giovani aziende tecnologiche sono particolarmente propense a integrare l'intelligenza artificiale nei loro prodotti o servizi, spesso puntando su soluzioni innovative che affrontano problemi sociali complessi, inclusa la promozione della parità e dei diritti delle minoranze. L'imprenditorialità legata all'IA offre un terreno fertile per idee rivoluzionarie, dove imprenditori intraprendenti possono collaborare con comunità svantaggiate per sviluppare soluzioni su misura che non solo generano profitto, ma anche avanzano il bene sociale.

Tuttavia, è fondamentale affrontare le sfide etiche e sociali derivanti dall'uso dell'IA. È essenziale garantire che gli algoritmi siano progettati per prevenire bias razziali o di genere e che i dati utilizzati riflettano la diversità delle esperienze umane. Inoltre, le startup devono essere consapevoli dell'importanza di costruire una cultura aziendale inclusiva fin dalle prime fasi.

In sintesi, l'integrazione tra Intelligenza Artificiale e imprenditorialità può giocare un ruolo cruciale nel promuovere i diritti delle minoranze. L'innovazione tecnologica guidata da startup creative e responsabili può non solo trasformare settori industriali ma anche favorire una società più equa ed inclusiva. Affinché questo potenziale sia pienamente realizzato, è necessario un impegno congiunto tra sviluppatori di IA, leader sociali e imprenditori per assicurarsi che i benefici dell'IA siano distribuiti in modo equo a tutti gli strati della società.","{
   ""keywords"":[
      ""Intelligenza Artificiale"",
      ""diritti delle minoranze"",
      ""imprenditorialità"",
      ""startup innovative"",
      ""discriminazioni sistemiche"",
      ""algoritmi equi"",
      ""modelli economici"",
      ""parità sociale"",
      ""etica IA"",
      ""diversità dei dati"",
      ""cultura inclusiva""
   ]
}"
"Genera un testo che parli dei seguenti argomenti con una lunghezza superiore a 200 parole:

- Energia sostenibile


","L'energia sostenibile è diventata un tema centrale nel dibattito globale sul futuro del nostro pianeta. In un'epoca in cui le risorse naturali si esauriscono rapidamente e l'inquinamento atmosferico raggiunge livelli preoccupanti, la ricerca di soluzioni energetiche sostenibili è diventata imperativa per garantire una qualità della vita migliore alle generazioni future. L'energia sostenibile non solo aiuta a ridurre le emissioni di gas serra e l'inquinamento ambientale, ma promuove anche un uso più efficiente delle risorse naturali.

Tra le principali fonti di energia rinnovabile troviamo il solare, l'eolico, idroelettrico, geotermico e la biomassa. L'energia solare, ad esempio, sfrutta i raggi del sole per generare elettricità tramite pannelli fotovoltaici o impianti termosolari. Questa tecnologia sta vedendo un incremento significativo di applicazioni non solo a livello industriale ma anche domestico, grazie alla riduzione dei costi e ai progressi tecnologici che ne hanno aumentato l'efficienza.

L'eolico, d'altra parte, utilizza turbine per convertire la forza del vento in energia elettrica. Questa fonte di energia è particolarmente promettente nelle aree con elevati livelli di ventosità e ha il vantaggio di non emettere CO2 durante l'operatività. Anche l'idroelettrico, che sfrutta la forza dell'acqua in movimento per generare energia, continua a essere una delle fonti più affidabili e meno impattanti ambientalmente.

La geotermia utilizza il calore interno della Terra per produrre energia. Anche se le sue applicazioni sono limitate dalle condizioni geologiche locali, in alcune regioni rappresenta una soluzione energetica stabile e continua. Infine, la biomassa rigenerabile si basa sulla conversione di materiali organici come residui agricoli e legnosi in energia.

L'adozione di energie rinnovabili richiede un cambiamento radicale nelle politiche energetiche globali e una maggiore collaborazione tra governi, industrie e comunità. Inoltre, l'educazione e la sensibilizzazione del pubblico giocano un ruolo fondamentale per promuovere pratiche sostenibili a livello individuale.

È cruciale che le decisioni economiche considerino non solo i costi immediati ma anche il beneficio a lungo termine per l'ambiente e la società. Investire in energia sostenibile significa investire nel futuro della Terra, promuovendo un'economia circolare che integri le risorse naturali con il progresso tecnologico.

In conclusione, l'energia sostenibile rappresenta una chiave fondamentale per costruire un futuro più verde e resiliente. La sfida è affrontare i cambiamenti climatici ed essere in grado di trasformare le nostre abitudini energetiche per proteggere il pianeta. Solo attraverso un impegno congiunto a livello globale sarà possibile raggiungere l'obiettivo di una società sostenibile e responsabile.","{
  ""keywords"": [
    ""energia sostenibile"",
    ""risorse naturali"",
    ""inquinamento atmosferico"",
    ""gas serra"",
    ""efficienza risorse"",
    ""fonti rinnovabili"",
    ""energia solare"",
    ""pannelli fotovoltaici"",
    ""eolico"",
    ""idroelettrico"",
    ""geotermia"",
    ""biomassa""
  ]
}"
"Genera un testo che parli dei seguenti argomenti con una lunghezza superiore a 200 parole:

- Astronomia e Spazio


","L'astronomia, una delle più antiche e affascinanti scienze, è la disciplina che studia i corpi celesti e l'universo nel suo insieme. Attraverso l'osservazione degli astri, gli astronomi cercano di comprendere le leggi fisiche che governano il cosmo, dal sistema solare alle galassie più remote. L'universo è un vasto e misterioso luogo costellato da stelle, pianeti, nebulose e altri oggetti celesti, tutti legati da forze gravitazionali in una danza cosmica senza fine.

L'esplorazione dello spazio ha aperto nuove frontiere per la scienza e la tecnologia. Le missioni spaziali, sostenute sia da programmi governativi che privati, hanno permesso di raccogliere dati preziosi sul nostro pianeta e oltre. Satelliti artificiali orbitano intorno alla Terra fornendo informazioni vitali su meteorologia, comunicazione e navigazione GPS. Missione pioneristiche come quelle dell'Apollo 11, che portarono i primi esseri umani sulla Luna nel 1969, hanno segnato la storia e amplificato l'interesse verso lo spazio.

Oggi, con l'avvento delle nuove tecnologie e le iniziative di aziende private come SpaceX, Blue Origin e Virgin Galactic, si sta assistendo a una nuova era dell'esplorazione spaziale. La conquista del turismo spaziale è sempre più vicina, mentre i piani per colonizzare Marte stanno diventando realtà tangibili. Inoltre, l'uso di telescopi avanzati, come il Telescopio Spaziale Hubble e il futuro James Webb Space Telescope, ci permette di scrutare le profondità dell'universo, scoprendo pianeti extrasolari e fenomeni cosmici straordinari.

L'astronomia continua a evolversi grazie agli studi sulla relatività generale, l'astrofisica e la fisica quantistica, che ci aiutano a comprendere meglio i misteriosi buchi neri e le onde gravitazionali. Queste ricerche non solo espandono il nostro sapere scientifico ma stimolano anche domande filosofiche sulla nostra posizione nell'universo.

In sintesi, l'astronomia e lo spazio sono campi in continua evoluzione che offrono infinite possibilità di scoperta. Ogni nuova osservazione o missione ha il potenziale per rivoluzionare la nostra comprensione del cosmo, arricchendo non solo le scienze ma anche la cultura umana nel suo insieme.","{
  ""keywords"": [
    ""astronomia"",
    ""corpi celesti"",
    ""universo"",
    ""leggi fisiche"",
    ""sistema solare"",
    ""galassie"",
    ""esplorazione spaziale"",
    ""missioni spaziali"",
    ""turismo spaziale"",
    ""telescopio Hubble"",
    ""buco nero""
  ]
}"
"Generate a text discussing the following topics with a length of more than 200 words:
- Minority Rights
- Philosophy
- Sustainable Energy
- Entrepreneurship and Startups


","The discourse surrounding minority rights, philosophy, sustainable energy, and entrepreneurship and startups intertwines in meaningful ways as society navigates towards inclusivity and sustainability.

Minority rights are fundamental to ensuring that every individual has the opportunity to participate fully in societal activities without discrimination. Philosophically, these rights can be grounded in theories of justice, such as John Rawls' principles of fairness, which advocate for structures that ensure equality regardless of inherent social differences. The protection of minority rights is not just a legal or political issue but also an ethical one, demanding respect and recognition of diverse identities within the philosophical framework of human dignity.

When considering sustainable energy, philosophy provides critical insights into our relationship with nature and technological progress. Philosophers like Aldo Leopold have argued for an ethic that respects ecological interdependence, which aligns with sustainable energy practices aiming to balance human needs with environmental preservation. The shift towards renewable energy sources is not only a technical challenge but also a philosophical commitment to stewardship of the Earth.

Entrepreneurship and startups play a crucial role in driving innovation within these realms. Startups often lead the charge in developing new technologies for sustainable energy, such as solar panels or wind turbines, which can contribute significantly to reducing carbon footprints. Moreover, entrepreneurial ventures that focus on social impact highlight the importance of minority rights by creating inclusive business models and products that serve underrepresented communities.

The intersectionality between these topics is evident: entrepreneurship fosters innovation in both technology and societal structures; sustainable energy aligns with philosophical commitments to future generations and environmental ethics; and minority rights ensure that advancements benefit all segments of society equitably. Together, they form a holistic approach towards building a more just, equitable, and sustainable world.

In conclusion, addressing the challenges of our time requires an integrated perspective that values diversity, ethical responsibility, technological innovation, and economic opportunity. By fostering environments where these elements thrive, societies can progress toward a future that honors both human rights and ecological balance.","{
  ""keywords"": [
    ""minority rights"",
    ""philosophy"",
    ""sustainable energy"",
    ""entrepreneurship"",
    ""startups"",
    ""inclusivity"",
    ""justice"",
    ""John Rawls"",
    ""ethical responsibility"",
    ""Aldo Leopold"",
    ""intersectionality""
  ]
}"
"Generate a text discussing the following topics with a length of more than 200 words:
- Linguistics and Languages
- Artificial Intelligence


","Linguistics, as an academic discipline, delves into the intricate structures, functions, and evolution of languages. It encompasses various subfields such as phonetics, syntax, semantics, and sociolinguistics, each offering unique insights into how language shapes human communication and thought. The study of languages involves understanding their historical development, identifying patterns in grammar and vocabulary, and exploring how cultural contexts influence linguistic expression. This multidisciplinary approach not only enhances our comprehension of human cognition but also contributes to preserving endangered languages and fostering multilingualism.

Artificial Intelligence (AI), on the other hand, is a rapidly advancing field within computer science focused on creating machines capable of performing tasks that typically require human intelligence. These include learning, reasoning, problem-solving, perception, and language understanding. Natural Language Processing (NLP), a crucial subset of AI, bridges linguistics and technology by enabling computers to comprehend, interpret, and generate human language. This intersection has led to significant advancements such as machine translation, speech recognition, and chatbots.

The synergy between linguistics and AI is profound. Linguistic theories provide foundational knowledge that enhances AI algorithms, making them more effective in understanding context, nuance, and ambiguity inherent in human languages. Conversely, AI technologies offer powerful tools for linguistic analysis, allowing researchers to process vast amounts of data quickly and uncover patterns previously unnoticed.

Moreover, the collaboration between these fields has practical implications across various sectors. In education, AI-driven language learning platforms offer personalized experiences tailored to individual needs. In healthcare, NLP systems can analyze patient records to provide more accurate diagnoses. Meanwhile, businesses leverage AI for sentiment analysis in social media data, helping them understand consumer behavior better.

However, this intersection also poses ethical and philosophical questions about machine understanding of language versus human intuition. As AI continues to evolve, the challenge remains to create systems that not only mimic but truly comprehend human communication's subtleties. Ultimately, the ongoing dialogue between linguistics and artificial intelligence holds great promise for future innovations, driving forward our capabilities in both technology and understanding of human language.

In conclusion, while linguistics offers deep insights into the nature of human languages, AI provides transformative tools to apply these insights practically. Together, they create a dynamic field where each discipline enriches the other, fostering advancements that have far-reaching implications for society. As we continue to explore this intersection, it will be crucial to address ethical considerations and strive towards creating systems that enhance human capabilities without compromising our unique linguistic heritage.","{
  ""keywords"": [
    ""Linguistics"",
    ""Languages"",
    ""Phonetics"",
    ""Syntax"",
    ""Semantics"",
    ""Sociolinguistics"",
    ""Artificial Intelligence (AI)"",
    ""Natural Language Processing (NLP)"",
    ""Machine Learning"",
    ""Speech Recognition"",
    ""Ethical Considerations"",
    ""Interdisciplinary Collaboration""
  ]
}"
"Generate a text discussing the following topics with a length of more than 200 words:
- Astronomy and Space
- Biotechnologies


","Astronomy and space exploration have long captivated human curiosity, offering insights into our place in the universe. As we peer through telescopes or send spacecraft to distant planets, we gather critical data about celestial bodies, cosmic phenomena, and the fundamental laws governing the cosmos. The field has advanced significantly with developments like the Hubble Space Telescope and missions such as Mars Rover expeditions, enhancing our understanding of planetary systems and the possibility of extraterrestrial life.

Meanwhile, biotechnologies represent a transformative force in science, leveraging biological processes for practical applications. Through genetic engineering, CRISPR technology, and synthetic biology, scientists can modify organisms to improve agricultural yields, develop new medical treatments, and address environmental challenges. Biotechnology has led to breakthroughs like the creation of insulin-producing bacteria and gene therapy techniques that target previously untreatable conditions.

Both astronomy and biotechnologies exemplify humanity's quest for knowledge and improvement. Astronomy expands our cosmic perspective, while biotechnologies promise advancements in health, sustainability, and economic growth. As we continue exploring the stars and delving into life’s molecular intricacies, these fields not only push the boundaries of what is possible but also challenge us to consider ethical implications and ensure that such progress benefits society as a whole. Together, they underscore the interconnectedness of understanding our universe and mastering biological sciences to foster a better future for all.","{
  ""keywords"": [
    ""astronomy"",
    ""space exploration"",
    ""Hubble Space Telescope"",
    ""Mars Rover expeditions"",
    ""biotechnologies"",
    ""genetic engineering"",
    ""CRISPR technology"",
    ""synthetic biology"",
    ""ethical implications""
  ]
}"
"Generate a text discussing the following topics with a length of more than 200 words:
- Biotechnologies
- Sustainable Energy
- Nutrition and Food Well-being
- Sports and Health


","Biotechnologies, sustainable energy, nutrition and food well-being, as well as sports and health are interconnected facets that significantly influence the future of human society. These areas collectively play a crucial role in fostering a healthier, more sustainable world.

Biotechnology is revolutionizing industries by providing innovative solutions to longstanding problems. It harnesses biological processes for industrial and other purposes, such as developing new medical treatments and enhancing agricultural productivity. For example, genetically modified organisms (GMOs) can be engineered to resist pests or tolerate harsh climates, potentially reducing the need for chemical pesticides and increasing food security. Moreover, biotechnological advances in medicine, such as gene editing technologies like CRISPR, offer promising avenues for treating genetic disorders and improving human health.

Sustainable energy is essential in addressing climate change and ensuring a stable future. Transitioning from fossil fuels to renewable sources like solar, wind, and hydropower reduces greenhouse gas emissions and mitigates environmental degradation. Innovations such as battery storage systems and smart grids enhance the efficiency and reliability of renewable energy, making it more accessible and affordable. Emphasizing sustainable energy not only conserves natural resources but also promotes economic growth through the creation of green jobs.

Nutrition and food well-being are critical components of public health. A balanced diet rich in essential nutrients supports overall health and prevents chronic diseases such as obesity, diabetes, and heart disease. As populations grow and urbanize, ensuring access to nutritious food becomes increasingly important. Sustainable agricultural practices and reducing food waste can contribute to a more resilient food system that nourishes people while protecting the environment.

Finally, sports and health are intrinsically linked, with physical activity playing a vital role in maintaining mental and physical well-being. Regular exercise helps prevent numerous health issues, including cardiovascular diseases and depression. Moreover, sports foster social connections and community engagement, enhancing quality of life. Promoting active lifestyles through public policies and infrastructure that encourages walking, cycling, and recreational activities is essential for building healthier communities.

In conclusion, the integration of biotechnologies, sustainable energy, nutrition and food well-being, and sports and health represents a holistic approach to addressing some of today’s most pressing challenges. By advancing these interconnected fields, society can move towards a more sustainable and healthy future, benefiting both current and future generations.","{
    ""keywords"": [
        ""biotechnologies"",
        ""sustainable energy"",
        ""nutrition"",
        ""food well-being"",
        ""sports"",
        ""health"",
        ""genetically modified organisms (GMOs)"",
        ""gene editing"",
        ""CRISPR"",
        ""renewable energy"",
        ""agricultural productivity"",
        ""public health""
    ]
}"
"Generate a text discussing the following topics with a length of more than 200 words:
- Entrepreneurship and Startups
- Nutrition and Food Well-being
- Sports and Health


","Entrepreneurship and startups have become synonymous with innovation, growth, and economic development. In recent years, there has been an explosion in the number of startups globally as individuals embrace entrepreneurship to turn creative ideas into successful businesses. At its core, entrepreneurship involves identifying opportunities, taking risks, and being resourceful to build something new. Startups often emerge from a vision to solve a problem or fulfill a need in the market through innovative products or services. This dynamic environment fosters creativity, collaboration, and resilience as entrepreneurs navigate challenges such as securing funding, building a customer base, and scaling operations. The rise of technology has further fueled this growth, providing tools that democratize access to resources previously limited to large corporations.

Simultaneously, there is an increasing awareness around nutrition and food well-being, reflecting a broader shift towards health-conscious lifestyles. Nutrition plays a crucial role in maintaining overall health, influencing everything from energy levels to mental clarity and disease prevention. A balanced diet rich in essential nutrients supports physical health and boosts immunity, highlighting the importance of understanding dietary needs. Food well-being also encompasses mindful eating practices that focus on enjoying food while being aware of its effects on the body and mind. This holistic approach encourages individuals to make informed choices about their diets, leading to improved long-term health outcomes.

The interconnectedness of nutrition with sports and health is undeniable. Sports not only promote physical fitness but also enhance mental well-being through stress relief and increased self-esteem. Regular participation in physical activities strengthens muscles, improves cardiovascular health, and helps maintain a healthy weight. The synergy between good nutrition and active lifestyles cannot be overstated; proper fueling supports athletic performance and recovery while preventing injuries. As people increasingly recognize the benefits of integrating sports into their daily routines, there is a growing emphasis on balanced diets tailored to support various levels of physical activity.

In conclusion, entrepreneurship and startups drive innovation and economic growth, while nutrition and food well-being underpin health-conscious living. Together with sports and health, these elements form a holistic framework for a thriving lifestyle. By embracing entrepreneurial spirit, making informed dietary choices, and engaging in regular physical activity, individuals can enhance their overall quality of life, contributing positively to society as a whole.","{
    ""keywords"": [
        ""Entrepreneurship"",
        ""Startups"",
        ""Innovation"",
        ""Economic Development"",
        ""Opportunities"",
        ""Risks"",
        ""Resourcefulness"",
        ""Technology"",
        ""Nutrition"",
        ""Food Well-being"",
        ""Sports"",
        ""Health""
    ]
}"
"Generate a text discussing the following topics with a length of more than 200 words:
- Minority Rights
- Philosophy


","Minority rights are an essential aspect of human rights and social justice, focusing on ensuring that individuals from minority groups—whether defined by race, ethnicity, religion, gender, sexual orientation, or disability—are protected from discrimination and have equal access to opportunities. These rights aim to promote equality and prevent the marginalization of less dominant groups within society. By safeguarding minority rights, societies can create more inclusive environments where diversity is respected and celebrated.

Philosophy plays a significant role in the discussion of minority rights by providing frameworks for understanding justice, equality, and human dignity. Philosophical theories such as liberalism advocate for individual freedoms and equal treatment under the law, emphasizing that all individuals should have the right to live without fear of oppression or discrimination. On the other hand, communitarianism highlights the importance of community values and collective well-being, suggesting that societal structures must consider cultural differences while promoting unity.

The intersection of philosophy and minority rights is evident in debates about how best to achieve a just society. Philosophers like John Rawls have contributed ideas such as the ""veil of ignorance,"" which proposes designing social institutions as if one does not know their own status or identity, ensuring fairness for all. This thought experiment encourages policymakers to create systems that inherently protect minority rights.

Moreover, critical theory and postcolonial philosophy challenge existing power dynamics and advocate for the voices of historically marginalized groups to be heard and acknowledged. By questioning established norms and practices, these philosophical approaches push societies toward more equitable treatment of minorities.

In conclusion, the protection and promotion of minority rights are deeply intertwined with philosophical discourse. Through ethical reasoning and theoretical exploration, philosophy helps illuminate paths towards a society where every individual, regardless of their minority status, can thrive equally and freely. This ongoing dialogue is crucial for addressing injustices and fostering an environment of respect, understanding, and genuine equality.","{
  ""keywords"": [
    ""minority rights"",
    ""human rights"",
    ""social justice"",
    ""discrimination"",
    ""equality"",
    ""marginalization"",
    ""philosophy"",
    ""liberalism"",
    ""communitarianism"",
    ""John Rawls"",
    ""critical theory""
  ]
}"
"Generate a text discussing the following topics with a length of more than 200 words:
- Sustainable Energy


","Sustainable energy is an essential focus in today’s world, as it promises to address critical environmental and economic challenges. At its core, sustainable energy involves harnessing power from resources that are renewable and have minimal impact on the environment. This includes solar, wind, hydroelectric, geothermal, and biomass energy sources. These forms of energy provide viable alternatives to fossil fuels, which are finite and contribute significantly to greenhouse gas emissions and global warming.

The transition to sustainable energy is crucial for several reasons. Firstly, it helps mitigate climate change by reducing carbon footprints and other pollutants that degrade air quality and harm ecosystems. Solar and wind energy, in particular, offer clean power generation options with virtually no emissions once the infrastructure is in place. Secondly, sustainable energy can enhance energy security by decreasing reliance on imported fuels, which are often subject to geopolitical tensions and price volatility.

Economically, investing in sustainable energy technologies creates jobs and drives innovation. The renewable energy sector has seen substantial growth over recent years, providing employment opportunities across research, manufacturing, installation, and maintenance sectors. Moreover, as technology advances, the costs of solar panels, wind turbines, and other renewable infrastructure continue to decrease, making them more competitive with traditional energy sources.

Governments play a pivotal role in promoting sustainable energy through policies that incentivize renewable investments, such as tax credits and subsidies for clean energy projects. Additionally, setting ambitious targets for reducing carbon emissions can drive both public and private sector efforts toward cleaner energy solutions.

Education and public awareness are also vital components of the shift towards sustainability. By understanding the benefits and feasibility of renewable energy, communities can advocate for policies that support sustainable practices and adopt energy-efficient behaviors in their daily lives.

In conclusion, embracing sustainable energy is not merely a choice but a necessity for ensuring a livable planet for future generations. It offers a pathway to environmental preservation while fostering economic growth and social well-being. The collective effort of individuals, businesses, and governments worldwide will determine the speed and success of this transition toward a more sustainable and resilient energy system.","{
    ""keywords"": [
        ""sustainable energy"",
        ""renewable resources"",
        ""environmental impact"",
        ""solar energy"",
        ""wind energy"",
        ""hydroelectric power"",
        ""geothermal energy"",
        ""biomass energy"",
        ""fossil fuels"",
        ""climate change"",
        ""energy security""
    ]
}"
"Generate a text discussing the following topics with a length of more than 200 words:
- Nutrition and Food Well-being
- Time Management and Productivity


","Nutrition and food well-being are integral components of a balanced lifestyle. Proper nutrition involves consuming a variety of foods that supply essential nutrients to support bodily functions, enhance energy levels, and maintain overall health. A diet rich in fruits, vegetables, whole grains, lean proteins, and healthy fats contributes to physical well-being by reducing the risk of chronic diseases such as heart disease, diabetes, and obesity. Beyond physical health, nutrition also impacts mental well-being. Certain nutrients like omega-3 fatty acids, found in fish, are linked to improved mood and cognitive function. Additionally, maintaining a balanced diet helps stabilize blood sugar levels, which can prevent mood swings and improve focus.

Time management and productivity are closely related concepts that significantly impact personal and professional success. Effective time management involves planning and organizing tasks to maximize efficiency and achieve goals within set deadlines. By prioritizing tasks based on urgency and importance, individuals can avoid procrastination and reduce stress. Techniques such as creating daily schedules, setting specific goals, and using tools like calendars or task management apps can enhance productivity. Moreover, allocating time for breaks and leisure activities is crucial in preventing burnout and maintaining high levels of motivation. Balancing work with personal life ensures that individuals remain productive while also enjoying a fulfilling lifestyle.

In summary, nutrition and food well-being are foundational to both physical and mental health, influencing energy levels and cognitive function. Meanwhile, effective time management and productivity techniques enable individuals to accomplish tasks efficiently, reduce stress, and achieve a harmonious balance between work and personal life. Together, these elements contribute to an overall sense of well-being and success.","{
    ""keywords"": [
        ""nutrition"",
        ""food well-being"",
        ""balanced lifestyle"",
        ""essential nutrients"",
        ""chronic diseases"",
        ""mental well-being"",
        ""time management"",
        ""productivity"",
        ""efficiency"",
        ""stress reduction"",
        ""work-life balance""
    ]
}"
"Generate a text discussing the following topics with a length of more than 200 words:
- Nutrition and Food Well-being


","Nutrition and food well-being are integral aspects of maintaining a healthy lifestyle. The concept revolves around consuming a balanced diet that provides essential nutrients, supports bodily functions, and promotes overall health. Proper nutrition ensures the body receives adequate vitamins, minerals, proteins, carbohydrates, fats, and water necessary for growth, energy, and cellular repair.

A well-balanced diet is fundamental to achieving food well-being. This means incorporating a variety of foods from all food groups: fruits, vegetables, whole grains, lean proteins, and healthy fats. Each group offers unique nutrients that contribute to different aspects of health. For instance, fruits and vegetables are rich in vitamins, minerals, and antioxidants, which help bolster the immune system and reduce the risk of chronic diseases such as heart disease, diabetes, and certain cancers.

Portion control and mindful eating are also crucial components of food well-being. They involve being aware of hunger and fullness cues to avoid overeating, which can lead to weight gain and associated health issues. Mindful eating encourages savoring each bite, appreciating the flavors, textures, and aromas of foods, thereby enhancing the overall dining experience.

Additionally, understanding food labels and making informed choices about what we consume is vital for maintaining nutrition and well-being. This includes reading nutritional information to select products with lower levels of added sugars, sodium, and unhealthy fats while opting for whole, minimally processed foods.

Lastly, hydration plays a significant role in nutrition and well-being. Water is essential for numerous bodily functions, including digestion, absorption of nutrients, circulation, and temperature regulation. Ensuring adequate fluid intake supports overall health and complements a nutritious diet.

In summary, nutrition and food well-being are about more than just eating; they encompass making conscious choices to nourish the body effectively, promote long-term health, and enhance life quality. By adopting balanced dietary habits and being mindful of our food intake, individuals can achieve optimal nutritional status and enjoy the myriad benefits that come with good food well-being.","{
  ""keywords"": [
    ""nutrition"",
    ""food well-being"",
    ""balanced diet"",
    ""essential nutrients"",
    ""portions control"",
    ""mindful eating"",
    ""chronic diseases"",
    ""food labels"",
    ""hydration"",
    ""whole foods"",
    ""optimal health""
  ]
}"
"Generate a text discussing the following topics with a length of more than 200 words:
- Nutrition and Food Well-being
- Biotechnologies
- Artificial Intelligence


","In today's rapidly evolving world, nutrition and food well-being are increasingly influenced by advancements in biotechnologies and artificial intelligence (AI). These fields hold transformative potential for improving dietary habits, enhancing food security, and personalizing nutritional advice.

Nutrition and food well-being focus on the optimal intake of nutrients necessary to maintain health, growth, and vitality. Modern challenges such as obesity, malnutrition, and chronic diseases highlight the importance of understanding individual dietary needs. Biotechnologies play a crucial role in this realm by enabling the development of genetically modified organisms (GMOs) that can provide enhanced nutritional benefits or resist pests without harmful chemicals. Techniques like CRISPR gene editing are being used to fortify crops with essential vitamins and minerals, addressing deficiencies prevalent in certain populations.

Artificial Intelligence further revolutionizes nutrition by analyzing vast datasets to offer personalized dietary recommendations based on an individual's genetics, lifestyle, and health conditions. AI algorithms can track eating patterns through wearable devices and mobile applications, offering real-time feedback to optimize nutritional intake. Machine learning models assist researchers in identifying correlations between diet and disease, paving the way for preventive healthcare strategies.

In biotechnologies, beyond agriculture, innovations like lab-grown meat present sustainable alternatives to traditional livestock farming, reducing environmental impact while providing high-quality protein sources. These technologies can also improve food safety by detecting contaminants or pathogens more efficiently than conventional methods.

The intersection of AI and biotechnology in nutrition heralds a new era where data-driven insights and scientific breakthroughs converge to enhance global food systems. By harnessing these tools responsibly, society can achieve greater food security, reduce environmental footprints, and promote health equity worldwide. As we move forward, ethical considerations and public acceptance will be vital in realizing the full potential of these technologies for nutrition and food well-being.","{
  ""keywords"": [
    ""nutrition"",
    ""food well-being"",
    ""biotechnologies"",
    ""artificial intelligence"",
    ""dietary habits"",
    ""food security"",
    ""genetically modified organisms"",
    ""CRISPR gene editing"",
    ""personalized nutrition"",
    ""lab-grown meat"",
    ""sustainable alternatives""
  ]
}"
